_id,법원소재지,사건번호,소재지및내역
658d354b0b3dec65eea415ef,서울중앙지방법원,서울중앙지방법원\n2017타경4776,"서울특별시 중구 청계천로 318, 1층11호\n[집합건물 철근콘크리트조 19.83㎡ 2분의 1 한인성 지분 전부]"
658d354b0b3dec65eea415f1,서울중앙지방법원,서울중앙지방법원\n2021타경610,서울특별시 종로구 홍지동 129-14\n[토지 대 231㎡]\n서울특별시 종로구 자하문로41길 32\n[건물 블럭조 기와지붕 단층주택 33.80㎡ 블럭조 기와지붕 단층주택 6.96㎡ 블럭조 기와지붕 단층주택 1.56㎡]
658d354b0b3dec65eea415f3,서울중앙지방법원,서울중앙지방법원\n2021타경1699,"서울특별시 관악구 난곡로26길 115, 2층203호 (신림동, 대림아트빌)\n[집합건물 철근콘크리트구조 37.77㎡]"
658d354b0b3dec65eea415f5,서울중앙지방법원,서울중앙지방법원\n2021타경1712,"서울특별시 관악구 난곡로26길 115, 4층401호 (신림동,대림아트빌)\n[집합건물 철근콘크리트구조 28.92㎡]"
658d354b0b3dec65eea415f7,서울중앙지방법원,서울중앙지방법원\n2021타경2708\n2022타경109279\n(중복),서울특별시 중구 저동1가 103-7\n[토지 대 38.3㎡]\n서울특별시 중구 저동1가 103-8\n[토지 대 23.8㎡]\n서울특별시 중구 명동길 81\n[건물 목조와즙 2층영업소 1층 23.14㎡ 2층 23.14㎡ 지하실 23.14㎡]
658d354b0b3dec65eea415f9,서울중앙지방법원,서울중앙지방법원\n2021타경2807\n2021타경107832\n(중복),서울특별시 종로구 구기동 76-2\n[토지 전 5416㎡]
658d354b0b3dec65eea415fb,서울중앙지방법원,서울중앙지방법원\n2021타경3411,"서울특별시 중구 을지로45길 72, 3층85호 (신당동,디자이너크럽)\n[집합건물 철근콘크리트조 4.94㎡]"
658d354b0b3dec65eea415fd,서울중앙지방법원,서울중앙지방법원\n2021타경3718,"서울특별시 관악구 난곡로26마길 28, 1층204호 (신림동,라임카운티)\n[집합건물 철근콘크리트구조 29.16㎡]"
658d354b0b3dec65eea415ff,서울중앙지방법원,서울중앙지방법원\n2021타경105713,"서울특별시 동작구 상도로62가길 11, 4층403호 (상도동,보성팰리스17차)\n[집합건물 철근콘크리트구조 29.62㎡]"
658d354b0b3dec65eea41601,서울중앙지방법원,서울중앙지방법원\n2021타경107535,"서울특별시 종로구 지봉로12가길 4, 5층501호 (숭인동,숭인빌라)\n[집합건물 철근콘크리트구조 29.72㎡]"
658d354b0b3dec65eea41603,서울중앙지방법원,서울중앙지방법원\n2021타경109005,"서울특별시 서초구 사임당로 175, 1층103호 (서초동,갤럭시타워)\n[집합건물 철근콘크리트구조 48.66㎡]"
658d354b0b3dec65eea41605,서울중앙지방법원,서울중앙지방법원\n2021타경109005,"서울특별시 서초구 사임당로 175, 1층105호 (서초동,갤럭시타워)\n[집합건물 철근콘크리트구조 47.95㎡]\n서울특별시 서초구 사임당로 175, 1층106호 (서초동,갤럭시타워)\n[집합건물 철근콘크리트구조 34.49㎡]"
658d354b0b3dec65eea41607,서울중앙지방법원,서울중앙지방법원\n2021타경109159,서울특별시 동작구 사당동 419-152 씨에스하우스 5층503호\n[집합건물 철근콘크리트구조 29.21㎡]
658d354b0b3dec65eea41609,서울중앙지방법원,서울중앙지방법원\n2021타경109319,"서울특별시 동작구 성대로10길 62, 1층101호 (상도동,상도로지빌)\n[집합건물 철근콘크리트구조 29.25㎡]"
658d354b0b3dec65eea4160b,서울중앙지방법원,서울중앙지방법원\n2021타경110579,"서울특별시 관악구 쑥고개로2길 14, 2층201호 (신림동,리더스힐)\n[집합건물 철근콘크리트구조 29.99㎡]"
658d354b0b3dec65eea4160d,서울중앙지방법원,서울중앙지방법원\n2021타경110579,"서울특별시 관악구 쑥고개로2길 14, 4층401호 (신림동,리더스힐)\n[집합건물 철근콘크리트구조 29.99㎡]"
658d354b0b3dec65eea4160f,서울중앙지방법원,서울중앙지방법원\n2021타경110579,"서울특별시 관악구 쑥고개로2길 14, 4층402호 (신림동,리더스힐)\n[집합건물 철근콘크리트구조 29.97㎡]"
658d354b0b3dec65eea41611,서울중앙지방법원,서울중앙지방법원\n2021타경110579,"서울특별시 관악구 쑥고개로2길 14, 6층601호 (신림동,리더스힐)\n[집합건물 철근콘크리트구조 29.99㎡]"
658d354b0b3dec65eea41613,서울중앙지방법원,서울중앙지방법원\n2021타경111626,"서울특별시 관악구 봉천로23길 66, 3층301호\n[집합건물 철근콘크리트조 78.12㎡]"
658d354b0b3dec65eea41615,서울중앙지방법원,서울중앙지방법원\n2022타경1252,서울특별시 관악구 신림동 254-238\n[토지 대 139㎡]\n서울특별시 관악구 신림동 254-239\n[토지 대 139㎡]\n서울특별시 관악구 대학12길 64\n[건물 철근콘크리트조및 연와조 스라브지붕 근린생활시설및주택 1층 135.54㎡ 2층 132.84㎡ 3층 132.84㎡ 4층 120.78㎡ 지층 83.75㎡]
658d354b0b3dec65eea41617,서울중앙지방법원,서울중앙지방법원\n2022타경1962,"서울특별시 서초구 매헌로 16, 지1층리빙관지1지135호 (양재동,하이브랜드)\n[집합건물 철근콘크리트구조 192.21㎡]"
658d354b0b3dec65eea41619,서울중앙지방법원,서울중앙지방법원\n2022타경1962,"서울특별시 서초구 매헌로 16, 지1층리빙관지1지136호 (양재동,하이브랜드)\n[집합건물 철근콘크리트구조 198.04㎡]"
658d354b0b3dec65eea4161b,서울중앙지방법원,서울중앙지방법원\n2022타경3814\n2021타경109715\n(중복),"서울특별시 서초구 서초중앙로29길 28, 303동 8층807호 (반포동,반포미도아파트)\n[집합건물 철근콩크리트조 84.96㎡ 갑구 4번 정유자 지분 20분의 10 전부]"
658d354b0b3dec65eea4161d,서울중앙지방법원,서울중앙지방법원\n2022타경4077,"서울특별시 서초구 잠원로3길 6, 101동 11층1105호 (잠원동,킴스빌리지)\n[집합건물 철근콘크리트조 23.70㎡]"
658d354b0b3dec65eea4161f,서울중앙지방법원,서울중앙지방법원\n2022타경101091,"서울특별시 동작구 국사봉10길 93, 4층403호 (상도동,동산휴그린타운)\n[집합건물 철근콘크리트구조 23.84㎡]"
658d354b0b3dec65eea41621,서울중앙지방법원,서울중앙지방법원\n2022타경101770,"서울특별시 중구 을지로45길 62, 지하2층702호 (신당동,누죤빌딩)\n[집합건물 철골철근콘크리트조 5.040㎡]"
658d354b0b3dec65eea41623,서울중앙지방법원,서울중앙지방법원\n2022타경102995,"서울특별시 동작구 국사봉8길 64-14, 5층502호 (상도동,미소가)\n[집합건물 철근콘크리트구조 24.36㎡]"
658d354b0b3dec65eea41625,서울중앙지방법원,서울중앙지방법원\n2022타경103028,"서울특별시 관악구 남현12길 38, 지층비02호 (남현동,우현빌리지)\n[집합건물 철근콘크리트구조 53.02㎡]"
658d354b0b3dec65eea41627,서울중앙지방법원,서울중앙지방법원\n2022타경103394\n2022타경110125\n(중복),"서울특별시 강남구 언주로30길 56, 디동 14층1408호 (도곡동,타워팰리스)\n[집합건물 철골철근콘크리트구조 143.11㎡]"
658d354b0b3dec65eea41629,서울중앙지방법원,서울중앙지방법원\n2022타경104427,"서울특별시 관악구 법원단지20길 9, 3층303호 (신림동,예그린)\n[집합건물 철근콘크리트구조 28.93㎡]"
658d354b0b3dec65eea4162b,서울중앙지방법원,서울중앙지방법원\n2022타경104427,"서울특별시 관악구 법원단지22길 22, 에이동 5층502호 (신림동,우림아트빌)\n[집합건물 철근콘크리트구조 37.49㎡]"
658d354b0b3dec65eea4162d,서울중앙지방법원,서울중앙지방법원\n2022타경104427,"서울특별시 관악구 법원단지22길 22, 비동 3층302호 (신림동,우림아트빌)\n[집합건물 철근콘크리트구조 37.49㎡]"
658d354b0b3dec65eea4162f,서울중앙지방법원,서울중앙지방법원\n2022타경104427,"서울특별시 관악구 난곡로26길 115, 2층202호 (신림동,대림아트빌)\n[집합건물 철근콘크리트구조 38.35㎡]"
658d354b0b3dec65eea41631,서울중앙지방법원,서울중앙지방법원\n2022타경105222,서울특별시 종로구 평창동 179-5 밀레니엄 4층402호\n[집합건물 철근콘크리트조 81.9㎡]
658d354c0b3dec65eea41633,서울중앙지방법원,서울중앙지방법원\n2022타경105499,"서울특별시 동작구 양녕로22바길 7, 5층502호 (상도동,행복한동행)\n[집합건물 철근콘크리트구조 29.78㎡]"
658d354c0b3dec65eea41635,서울중앙지방법원,서울중앙지방법원\n2022타경107044,"서울특별시 관악구 양녕로6가길 50, 4층403호\n[집합건물 철근콘크리트구조 18.59㎡ 대지권의표시 토지의표시 1. 서울시 관악구 봉천동 458-6 대 105㎡ 1. 서울시 관악구 봉천동 458-113 대 102㎡ 1. 서울시 관악구 봉천동 458-114 대 1175㎡ 대지권의종류 1,2,3 소유권대지권 대지권의비율 324분의 11.210]"
658d354c0b3dec65eea41637,서울중앙지방법원,서울중앙지방법원\n2022타경107112,"서울특별시 관악구 난곡로57길 11, 비동 2층201호 (신림동,브라운캐슬)\n[집합건물 철근콘크리트구조 48.21㎡ 대지권의표시 토지의표시 1. 서울시 관악구신림동 1480-1 대 514.7㎡ 대지권의종류 1 소유권대지권 대지권의비율 514.70분의 30.014]"
658d354c0b3dec65eea41639,서울중앙지방법원,서울중앙지방법원\n2022타경108337,"서울특별시 동작구 성대로6가길 149, 에이동 3층301호 (상도동,상도동아파트)\n[집합건물 철근콘크리트구조 81.10㎡]"
658d354c0b3dec65eea4163b,서울중앙지방법원,서울중앙지방법원\n2022타경109057,"서울특별시 관악구 관천로15길 43, 5층503호 (신림동,자이칸타빌)\n[집합건물 철근콘크리트 구조29.97㎡]"
658d354c0b3dec65eea4163d,서울중앙지방법원,서울중앙지방법원\n2022타경109057,"서울특별시 관악구 난곡로59길 31, 2층201호 (신림동,진주리츠빌)\n[집합건물 철근콘크리트구조 45.17㎡]"
658d354c0b3dec65eea4163f,서울중앙지방법원,서울중앙지방법원\n2022타경109057,"서울특별시 관악구 봉천로23다길 49-10, 1층102호 (봉천동,수팰리스에프티)\n[집합건물 철근콘크리트구조 29.85㎡]"
658d354c0b3dec65eea41641,서울중앙지방법원,서울중앙지방법원\n2022타경112121,"서울특별시 관악구 행운9길 29, 2층204호 (봉천동,리벤하임)\n[집합건물 철근콘크리트구조 27.16㎡]"
658d354c0b3dec65eea41643,서울중앙지방법원,서울중앙지방법원\n2022타경112701,"서울특별시 중구 다산로46길 17, 15층이스트1507호 (흥인동,청계천 두산위브더제니스)\n[집합건물 철근콘크리트구조 92.1357 ㎡]"
658d354c0b3dec65eea41645,서울중앙지방법원,서울중앙지방법원\n2022타경112879,"서울특별시 중구 중림로8길 16, 3층302호\n[집합건물 철근콘크리트구조 37.58㎡]"
658d354c0b3dec65eea41647,서울중앙지방법원,서울중앙지방법원\n2023타경379,"서울특별시 서초구 바우뫼로39길 88-17, 1층101호\n[집합건물 철근콘크리트구조 23.23㎡]"
658d354c0b3dec65eea41649,서울중앙지방법원,서울중앙지방법원\n2023타경379,"서울특별시 서초구 바우뫼로39길 88-17, 2층202호\n[집합건물 철근콘크리트구조 24.53㎡]"
658d354c0b3dec65eea4164b,서울중앙지방법원,서울중앙지방법원\n2023타경379,"서울특별시 서초구 바우뫼로39길 88-17, 2층203호\n[집합건물 철근콘크리트구조 23.85㎡]"
658d354c0b3dec65eea4164d,서울중앙지방법원,서울중앙지방법원\n2023타경379,"서울특별시 서초구 바우뫼로39길 88-17, 2층204호\n[집합건물 철근콘크리트구조 24.85㎡]"
658d354c0b3dec65eea4164f,서울중앙지방법원,서울중앙지방법원\n2023타경379,"서울특별시 서초구 바우뫼로39길 88-17, 3층301호\n[집합건물 철근콘크리트구조 24.61㎡]"
658d354c0b3dec65eea41651,서울중앙지방법원,서울중앙지방법원\n2023타경379,"서울특별시 서초구 바우뫼로39길 88-17, 3층302호\n[집합건물 철근콘크리트구조 24.53㎡]"
658d354c0b3dec65eea41653,서울중앙지방법원,서울중앙지방법원\n2023타경379,"서울특별시 서초구 바우뫼로39길 88-17, 3층303호\n[집합건물 철근콘크리트구조 24.40㎡]"
658d354c0b3dec65eea41655,서울중앙지방법원,서울중앙지방법원\n2023타경379,"서울특별시 서초구 바우뫼로39길 88-17, 3층304호\n[집합건물 철근콘크리트구조 24.60㎡]"
658d354c0b3dec65eea41657,서울중앙지방법원,서울중앙지방법원\n2023타경379,"서울특별시 서초구 바우뫼로39길 88-17, 4층401호\n[집합건물 철근콘크리트구조 30.96㎡]"
658d354c0b3dec65eea41659,서울중앙지방법원,서울중앙지방법원\n2023타경379,"서울특별시 서초구 바우뫼로39길 88-17, 4층402호\n[집합건물 철근콘크리트구조 31.00㎡]"
658d354c0b3dec65eea4165b,서울중앙지방법원,서울중앙지방법원\n2023타경515,"서울특별시 중구 퇴계로 72, 1층110호 (회현동1가,리더스뷰남산)\n[집합건물 철근콘크리트구조 46.06㎡]"
658d354c0b3dec65eea4165d,서울중앙지방법원,서울중앙지방법원\n2023타경744\n2022타경111906\n(중복),"서울특별시 서초구 반포대로 58, 판매시설및운동시설동 222호 (서초동,서초아트자이)\n[집합건물 철근콘크리트구조 46.247㎡]\n서울특별시 서초구 반포대로 58, 판매시설및운동시설동 223호 (서초동,서초아트자이)\n[집합건물 철근콘크리트구조 32.328㎡]\n서울특별시 서초구 반포대로 58, 판매시설및운동시설동 224호 (서초동,서초아트자이)\n[집합건물 철근콘크리트구조 32.328㎡]\n서울특별시 서초구 반포대로 58, 판매시설및운동시설동 225호 (서초동,서초아트자이)\n[집합건물 철근콘크리트구조 35.022㎡]\n서울특별시 서초구 반포대로 58, 판매시설및운동시설동 226호 (서초동,서초아트자이)\n[집합건물 철근콘크리트구조 35.022㎡]\n서울특별시 서초구 반포대로 58, 판매시설및운동시설동 227호 (서초동,서초아트자이)\n[집합건물 철근콘크리트구조 29.9071㎡]\n서울특별시 서초구 반포대로 58, 판매시설및운동시설동 228호 (서초동,서초아트자이)\n[집합건물 철근콘크리트구조 30.1481㎡]\n서울특별시 서초구 반포대로 58, 판매시설및운동시설동 229호 (서초동,서초아트자이)\n[집합건물 철근콘크리트구조 30.14㎡]\n서울특별시 서초구 반포대로 58, 판매시설및운동시설동 231호 (서초동,서초아트자이)\n[집합건물 철근콘크리트구조 47.4286㎡]"
658d354c0b3dec65eea4165f,서울중앙지방법원,서울중앙지방법원\n2023타경768,"서울특별시 중구 장충단로 247, 7층에프7309호 (을지로6가,굿모닝시티쇼핑몰)\n[집합건물 철골철근콘크리트구조 3.50㎡]\n서울특별시 중구 장충단로 247, 7층에프7310호 (을지로6가,굿모닝시티쇼핑몰)\n[집합건물 철골철근콘크리트구조 3.50㎡]"
658d354c0b3dec65eea41661,서울중앙지방법원,서울중앙지방법원\n2023타경805,"서울특별시 중구 을지로 264, 5층5027호 (을지로6가,동대문패션티브이)\n[집합건물 철골철근콘크리트구조 3.97㎡]\n서울특별시 중구 을지로 264, 5층5028호 (을지로6가,동대문패션티브이)\n[집합건물 철골철근콘크리트구조 3.97㎡]"
658d354c0b3dec65eea41663,서울중앙지방법원,서울중앙지방법원\n2023타경867,"서울특별시 중구 을지로 264, 4층4032호 (을지로6가,동대문패션티브이)\n[집합건물 철골철근콘크리트구조 3.97㎡]"
658d354c0b3dec65eea41665,서울중앙지방법원,서울중앙지방법원\n2023타경881,"서울특별시 서초구 매헌로 16, 6층리빙관6층645호 (양재동,하이브랜드)\n[집합건물 철근콘크리트구조 12.80㎡]\n서울특별시 서초구 매헌로 16, 6층리빙관6층646호 (양재동,하이브랜드)\n[집합건물 철근콘크리트구조 11.61㎡]"
658d354c0b3dec65eea41667,서울중앙지방법원,서울중앙지방법원\n2023타경966,"서울특별시 중구 을지로 264, 3층3028호 (을지로6가,동대문패션티브이)\n[집합건물 철골철근콘크리트구조 3.97㎡]"
658d354d0b3dec65eea41669,서울중앙지방법원,서울중앙지방법원\n2023타경1020,"서울특별시 중구 퇴계로 123, 3층3063호 (충무로2가,하이해리엇)\n[집합건물 철골철근콘크리트구조 3.83㎡]"
658d354d0b3dec65eea4166b,서울중앙지방법원,서울중앙지방법원\n2023타경1082,"서울특별시 중구 퇴계로 123, 6층6101호 (충무로2가,하이해리엇)\n[집합건물 철골철근콘크리트구조 5.02㎡]"
658d354d0b3dec65eea4166d,서울중앙지방법원,서울중앙지방법원\n2023타경1228,"서울특별시 중구 퇴계로 123, 2층2088호 (충무로2가,하이해리엇)\n[집합건물 철골철근콘크리트구조 3.48㎡]"
658d354d0b3dec65eea4166f,서울중앙지방법원,서울중앙지방법원\n2023타경1518,"서울특별시 중구 을지로 264, 5층5084호 (을지로6가,동대문패션티브이)\n[집합건물 철골철근콘크리트구조 3.97㎡]\n서울특별시 중구 을지로 264, 6층6112호 (을지로6가,동대문패션티브이)\n[집합건물 철골철근콘크리트구조 3.97㎡]"
658d354d0b3dec65eea41671,서울중앙지방법원,서울중앙지방법원\n2023타경1532,"서울특별시 중구 을지로 264, 6층6135호 (을지로6가,동대문패션티브이)\n[집합건물 철골철근콘크리트구조 3.97㎡]"
658d354d0b3dec65eea41673,서울중앙지방법원,서울중앙지방법원\n2023타경1594,서울특별시 관악구 봉천동 905-19\n[토지 대 180.2㎡]\n서울특별시 관악구 은천로10길 31\n[건물 철근콘크리트구조 (철근)콘크리트지붕 3층 단독주택 및 제2종근린생활시설 지1 101.36㎡ 1층 83.51㎡ 2층 83.51㎡ 3층 83.51㎡ 옥탑1층 42.67㎡ (연면적제외)]
658d354d0b3dec65eea41675,서울중앙지방법원,서울중앙지방법원\n2023타경1617,"서울특별시 중구 충무로 13, 2층207호 (충무로3가,엘크루메트로시티)\n[집합건물 철근콘크리트구조 16.50㎡]"
658d354d0b3dec65eea41677,서울중앙지방법원,서울중앙지방법원\n2023타경1617,"서울특별시 중구 충무로 13, 2층208호 (충무로3가,엘크루메트로시티)\n[집합건물 철근콘크리트구조 16.50㎡]"
658d354d0b3dec65eea41679,서울중앙지방법원,서울중앙지방법원\n2023타경1655,"서울특별시 중구 을지로 264, 6층6131호 (을지로6가,동대문패션티브이)\n[집합건물 철골철근콘크리트구조 3.97㎡]"
658d354d0b3dec65eea4167b,서울중앙지방법원,서울중앙지방법원\n2023타경1679,"서울특별시 중구 을지로 264, 3층3206호 (을지로6가,동대문패션티브이)\n[집합건물 철골철근콘크리트구조 3.97㎡]"
658d354d0b3dec65eea4167d,서울중앙지방법원,서울중앙지방법원\n2023타경1723,서울특별시 중구 신당동 333-130\n[토지 대 383㎡]\n서울특별시 중구 다산로22길 45\n[건물 목조 스레트즙 단층주택 108.69㎡ 지층 1.65㎡ 목조 아연즙 단층 물치 3.31㎡]
658d354d0b3dec65eea4167f,서울중앙지방법원,서울중앙지방법원\n2023타경1730,"서울특별시 서초구 사임당로 130, 7동 13층1314호 (서초동,신동아아파트)\n[집합건물 철근콩크리트조 75.86㎡]"
658d354d0b3dec65eea41681,서울중앙지방법원,서울중앙지방법원\n2023타경2597,"서울특별시 강남구 선릉로 221, 102동 16층1602호 (도곡동,도곡렉슬아파트)\n[집합건물 철근콘크리트구조 59.9772㎡]"
658d354d0b3dec65eea41683,서울중앙지방법원,서울중앙지방법원\n2023타경2702,"서울특별시 서초구 신반포로23길 78-10, 6층602호 (잠원동,신반포중앙하이츠)\n[집합건물 철근콘크리트구조 53.31㎡]"
658d354d0b3dec65eea41685,서울중앙지방법원,서울중앙지방법원\n2023타경2757,서울특별시 종로구 숭인동 56-177\n[토지 대 70.7㎡ 갑구 9번 조동선 지분 15분의 1 전부]
658d354d0b3dec65eea41687,서울중앙지방법원,서울중앙지방법원\n2023타경2788,서울특별시 중구 충무로1가 23-19\n[토지 대 104.8㎡]\n서울특별시 중구 명동8길 46\n[건물 1호 목조 세멘부록조 및 함석지붕 4층 점포 1층 84.32㎡ 2층 84.32㎡ 3층 84.32㎡ 4층 36.06㎡]
658d354d0b3dec65eea41689,서울중앙지방법원,서울중앙지방법원\n2023타경2931,"서울특별시 관악구 남부순환로260길 65, 4층401호\n[집합건물 철근콘크리트구조 48.88]"
658d354d0b3dec65eea4168b,서울중앙지방법원,서울중앙지방법원\n2023타경3095,"서울특별시 종로구 평창문화로 81-8, 3동 101호 (평창동,현대빌라)\n[집합건물 철근콩크리트조 층 146.59㎡ 지하 23.70㎡ 부속 차고 13.48㎡]"
658d354d0b3dec65eea4168d,서울중앙지방법원,서울중앙지방법원\n2023타경3453,"서울특별시 종로구 평창11길 19-3, 2층 502호 (평창동,요진빌라)\n[집합건물 알.씨조 227.785㎡]"
658d354d0b3dec65eea4168f,서울중앙지방법원,서울중앙지방법원\n2023타경3507,"서울특별시 강남구 언주로 122, 2층207호 (도곡동,우성캐릭터-빌)\n[집합건물 철골.철근콘크리트조 51.55㎡]"
658d354d0b3dec65eea41691,서울중앙지방법원,서울중앙지방법원\n2023타경3552,서울특별시 강남구 신사동 637-10\n[토지 대 382.5㎡ 갑구 1번 이훈숙 지분 2분의 1 전부]\n서울특별시 강남구 언주로174길 16\n[건물 철근콘크리트조 슬라브지붕 5층 근린생활시설 1층 187.7 ㎡ 2층 189.81㎡ 3층 189.81㎡ 4층 195.42㎡ 5층 60.28㎡ 지하1층 250.8㎡ 갑구 1번 이훈숙 지분 2분의 1 전부]
658d354d0b3dec65eea41693,서울중앙지방법원,서울중앙지방법원\n2023타경3637,"서울특별시 종로구 익선동 21\n[토지 대 72.7㎡]\n서울특별시 종로구 돈화문로11나길 66\n[건물 철근콘크리트 평슬래브지붕 3층 위험물저장및처리시설, 주택 1층 31.16㎡ 2층 33.08㎡ 3층 38.23㎡ (내역:1층 위험물저장및처리시설, 2,3층 주택)]"
658d354d0b3dec65eea41695,서울중앙지방법원,서울중앙지방법원\n2023타경100262,"서울특별시 관악구 난곡로30길 12, 3층304호 (신림동,예성휴캐슬)\n[집합건물 철근콘크리트구조 36.62㎡]"
658d354d0b3dec65eea41697,서울중앙지방법원,서울중앙지방법원\n2023타경100866,"서울특별시 관악구 은천로35다길 26-4, 4층401호 (봉천동,더빌)\n[집합건물 철근콘크리트구조 53.47㎡]"
658d354e0b3dec65eea41699,서울중앙지방법원,서울중앙지방법원\n2023타경100866,"서울특별시 동작구 국사봉10길 38-3, 4층402호 (상도동,미소빌)\n[집합건물 철근콘크리트구조 39.21㎡]"
658d354e0b3dec65eea4169b,서울중앙지방법원,서울중앙지방법원\n2023타경101388,"서울특별시 관악구 난곡로47길 10, 5층502호\n[집합건물 철근콘크리트구조 37.83㎡]"
658d354e0b3dec65eea4169d,서울중앙지방법원,서울중앙지방법원\n2023타경101852,"서울특별시 관악구 쑥고개로2가길 15, 3층303호 (신림동,뷰테라스)\n[집합건물 철근콘크리트구조 29.52㎡]"
658d354e0b3dec65eea4169f,서울중앙지방법원,서울중앙지방법원\n2023타경101920,"서울특별시 동작구 여의대방로26길 50, 4층403호 (대방동,성진리치빌)\n[집합건물 철근콘크리트구조 35.22㎡]"
658d354e0b3dec65eea416a1,서울중앙지방법원,서울중앙지방법원\n2023타경102107,"서울특별시 관악구 난곡로49길 20, 101동 2층203호 (신림동,골든네스트)\n[집합건물 철근콘크리트구조 28.49㎡]"
658d354e0b3dec65eea416a3,서울중앙지방법원,서울중앙지방법원\n2023타경102121,서울특별시 중구 신당동 133-20\n[토지 대 81.8㎡]
658d354e0b3dec65eea416a5,서울중앙지방법원,서울중앙지방법원\n2023타경102534,서울특별시 서초구 원지동 150-2\n[토지 전 3600㎡ 갑구 13번 현두선 지분 6분의 1 전부]
658d354e0b3dec65eea416a7,서울중앙지방법원,서울중앙지방법원\n2023타경103377\n2023타경105960\n(중복),"서울특별시 강남구 삼성로 150, 109동 2층203호 (삼성동,한보미도맨션)\n[집합건물 철근콘크리트조 174.67㎡]"
658d354e0b3dec65eea416a9,서울중앙지방법원,서울중앙지방법원\n2023타경103773,서울특별시 종로구 부암동 382-69\n[토지 대 73㎡]\n서울특별시 종로구 부암동 382-68\n[건물 블럭조기와지붕단층주택 28.85㎡]
658d354e0b3dec65eea416ab,서울중앙지방법원,서울중앙지방법원\n2023타경103964,"서울특별시 강남구 삼성로4길 17, 506동 1층101호\n[집합건물 철근콩크리트조 53.98㎡]\n서울특별시 강남구 개포동 187\n[토지 대 55858㎡ 갑구 1번 장한수 지분 55858분의 45.06 전부]"
658d354e0b3dec65eea416ad,서울중앙지방법원,서울중앙지방법원\n2023타경104677,서울특별시 관악구 봉천동 178-158\n[토지 도로 40㎡ 갑구 2번 정성환 지분 3분의 1 전부]
658d354e0b3dec65eea416af,서울중앙지방법원,서울중앙지방법원\n2023타경105007,서울특별시 강남구 도곡동 518-1\n[토지 대 495.9㎡]\n서울특별시 강남구 논현로30길 14\n[건물 철골조 평슬라브 4층 근린생활시설 1층 270.30㎡ 2층 288.76㎡ 3층 288.76㎡ 4층 288.76㎡]
658d354e0b3dec65eea416b1,서울중앙지방법원,서울중앙지방법원\n2023타경105212,"서울특별시 동작구 성대로12가길 72, 5층501호 (상도동,강호빌리지)\n[집합건물 철근콘크리트구조 29.74㎡]"
658d354e0b3dec65eea416b3,서울중앙지방법원,서울중앙지방법원\n2023타경105670,서울특별시 동작구 사당동 1026-50\n[토지 대 200.3㎡]
658d354e0b3dec65eea416b5,서울중앙지방법원,서울중앙지방법원\n2023타경105717,"서울특별시 관악구 청룡4길 32, 8층802호 (봉천동,청룡오피스텔)\n[집합건물 철근콘크리트구조 14.26㎡]"
658d354e0b3dec65eea416b7,서울중앙지방법원,서울중앙지방법원\n2023타경105755,"서울특별시 관악구 신림로44가길 51, 2층201호 (신림동,삼성아트빌)\n[집합건물 철근콘크리구조 48.01㎡]"
658d354e0b3dec65eea416b9,서울중앙지방법원,서울중앙지방법원\n2023타경105793,"서울특별시 종로구 종로63마길 4, 지하1층201호 (숭인동,로하스빌12차)\n[집합건물 철근콘크리트구조 22.01㎡]"
658d354e0b3dec65eea416bb,서울중앙지방법원,서울중앙지방법원\n2023타경105878,서울특별시 중구 장충동2가 192-21\n[토지 대 23.1㎡ 경매할 지분 3분의 1 오산 지분 전부]
658d354e0b3dec65eea416bd,서울중앙지방법원,서울중앙지방법원\n2023타경106017,"서울특별시 관악구 은천로 93, 205동 16층1602호 (봉천동,벽산블루밍)\n[집합건물 철근콘크리트조 114.97㎡]"
658d354e0b3dec65eea416bf,서울중앙지방법원,서울중앙지방법원\n2023타경106192,"서울특별시 동작구 국사봉10길 93, 5층502호 (상도동,동산휴그린타운)\n[집합건물 철근콘크리트구조 17.06㎡]"
658d354e0b3dec65eea416c1,서울중앙지방법원,서울중앙지방법원\n2023타경106413\n2023타경3217\n(중복),서울특별시 동작구 사당동 1032-3\n[토지 대 131㎡]\n서울특별시 동작구 사당동 1032-6\n[토지 대 190.1㎡]
658d354e0b3dec65eea416c3,서울중앙지방법원,서울중앙지방법원\n2023타경106567,서울특별시 종로구 동숭동 201-28\n[토지 대 162㎡ 갑구 3번 최재은 지분 7분의 1 전부]\n서울특별시 종로구 낙산3길 38\n[건물 벽돌조 평슬래브지붕 2층 주택 1층 69.81㎡ 2층 69.81㎡ 지층 69.81㎡ 내역 지층 대피실 보일러실임 갑구 1번 최재은 지분 7분의 1 전부]
658d354e0b3dec65eea416c5,서울중앙지방법원,서울중앙지방법원\n2023타경106581,"서울특별시 관악구 행운5길 29, 5층502호 (봉천동,비쥬타운에이)\n[집합건물 철근콘크리트구조 26.25㎡]"
658d354e0b3dec65eea416c7,서울중앙지방법원,서울중앙지방법원\n2023타경106765,"서울특별시 관악구 난곡로24라길 21, 101동 4층401호 (신림동,씨지아름채)\n[집합건물 철근콘크리트구조 28.51㎡]"
658d354e0b3dec65eea416c9,서울중앙지방법원,서울중앙지방법원\n2023타경106796,"서울특별시 관악구 은천로35다길 26-4, 2층202호 (봉천동,더빌)\n[집합건물 철근콘크리구조 29.98㎡]"
658d354e0b3dec65eea416cb,서울중앙지방법원,서울중앙지방법원\n2023타경106871,"서울특별시 강남구 광평로19길 15, 108동 11층1106호 (일원동,목련타운)\n[집합건물 철근콘크리트조 134.71㎡]"
658d354e0b3dec65eea416cd,서울중앙지방법원,서울중앙지방법원\n2023타경106888,사용본거지 : 서울특별시 서초구 내곡동 1-593\n[K7 2012년식 승용차]
658d354f0b3dec65eea416cf,서울중앙지방법원,서울중앙지방법원\n2023타경106932,사용본거지 : 서울특별시 서초구 신흥말길 130-4\n[K5 하이브리드 2012년식 승용차]
658d354f0b3dec65eea416d1,서울중앙지방법원,서울중앙지방법원\n2023타경107072,"서울특별시 관악구 양지길 52-1, 105동 15층1502호 (신림동,관악우정하이비젼아파트2단지)\n[집합건물 철근콘크리트구조 84.58㎡]"
658d354f0b3dec65eea416d3,서울중앙지방법원,서울중앙지방법원\n2023타경107195,"서울특별시 관악구 신림로66길 42, 10층1004호 (신림동,신림큐브)\n[집합건물 철근콘크리트구조 13.41㎡]"
658d354f0b3dec65eea416d5,서울중앙지방법원,서울중앙지방법원\n2023타경107386,"서울특별시 강남구 삼성로 436, 5층501호 (대치동,바실리체)\n[집합건물 철근콘크리트구조 44.58㎡]"
658d354f0b3dec65eea416d7,서울중앙지방법원,서울중앙지방법원\n2023타경107515,서울특별시 강남구 청담동 13-12\n[토지 대 315.5㎡]\n서울특별시 강남구 도산대로70길 23\n[건물 철근콘크리트구조 철근콘크리트지붕 4층 근린생활시설 지하1층 215.28㎡ 1층 172.56㎡ 2층 171.78㎡ 3층 165.48㎡ 4층 130.66㎡]
658d354f0b3dec65eea416d9,서울중앙지방법원,서울중앙지방법원\n2023타경107683\n2023타경111378\n(중복),서울특별시 관악구 봉천동 644-19\n[토지 대 175㎡]\n서울특별시 관악구 봉천로23다길 56\n[건물 철근콘크리트구조 (철근)콘크리트지붕 3층 단독주택 지1 91.85㎡ 1층 75.72㎡ 2층 81.51㎡ 3층 80.74㎡ 옥탑1층 10.08㎡(연면적제외)]
658d354f0b3dec65eea416db,서울중앙지방법원,서울중앙지방법원\n2023타경107690,"서울특별시 관악구 관천로11길 95, 2층202호 (신림동,엠엘쉐르빌)\n[집합건물 철근콘크리트구조 38.42㎡]"
658d354f0b3dec65eea416dd,서울중앙지방법원,서울중앙지방법원\n2023타경107713,"서울특별시 중구 청계천로 400, 101동 32층3210호 (황학동,롯데캐슬 베네치아)\n[집합건물 일반철골구조 84.97㎡]"
658d354f0b3dec65eea416df,서울중앙지방법원,서울중앙지방법원\n2023타경107720,서울특별시 중구 신당동 432-1234\n[토지 대 102㎡ 갑구 8번 박상현 7분의2 지분 전부]\n서울특별시 중구 동호로11길 108-7\n[건물 연와조 슬래브지붕2층주택 1층 39.11㎡ 2층 39.11㎡ 갑구6번 박상현 7분의2 지분 전부]
658d354f0b3dec65eea416e1,서울중앙지방법원,서울중앙지방법원\n2023타경107812,"서울특별시 종로구 평창동 416-17\n[토지 대 466㎡ 갑구 2번 최상미 지분 2분의 1 전부]\n서울특별시 종로구 평창42길 35\n[건물 철근콘크리트조 평경사슬래브지붕 2층 단독주택 및 근린생활시설 1층 138.43㎡ 2층 118.78㎡ 지층 113.40㎡ 용도내역:1,2층 주택 지층-주택 52.36㎡, 근린생활시설(사무소)61.04㎡ 갑구 1번 최상미 지분 2분의 1 전부]"
658d354f0b3dec65eea416e3,서울중앙지방법원,서울중앙지방법원\n2023타경107911\n2023타경107966\n(중복),"서울특별시 서초구 동산로19길 20, 4층402호 (양재동,꾸메빌)\n[집합건물 철근콘크리트구조 41.96㎡]"
658d354f0b3dec65eea416e5,서울중앙지방법원,서울중앙지방법원\n2023타경108075,"서울특별시 강남구 학동로68길 29, 115동 16층1602호 (삼성동,삼성동 힐스테이트1 단지)\n[집합건물 철근콘크리트구조 84.236㎡]"
658d354f0b3dec65eea416e7,서울중앙지방법원,서울중앙지방법원\n2023타경108204,"서울특별시 관악구 난곡로63길 26, 9층902호 (신림동,삼성 아파트)\n[집합건물 철근콘크리트구조 69.29㎡ 갑구 1번 채움산업개발 주식회사 지분 294분의 16.33 전부]"
658d354f0b3dec65eea416e9,서울중앙지방법원,서울중앙지방법원\n2023타경108280,"서울특별시 강남구 역삼동 779-1\n[토지 대 313.6㎡]\n서울특별시 강남구 도곡로37길 38 (역삼동,스타빌딩1)\n[건물 철근콘크리트구조 평스라브지붕 6층 제2종근린생활시설,단독주택 지1층 129.01㎡ 1층 139.47㎡ 2층 150㎡ 3층 150㎡ 4층 150㎡ 5층 93.34㎡ 6층 69.43㎡ 옥탑2층 13.42㎡(연면적 제외) 옥탑1층 13.42㎡(연면적 제외)]"
658d354f0b3dec65eea416eb,서울중앙지방법원,서울중앙지방법원\n2023타경108334,사용본거지 : 서울특별시 서초구 신흥말길 130-4\n[BMW X5 xDrive30d 2015년식 승용차]
658d354f0b3dec65eea416ed,서울중앙지방법원,서울중앙지방법원\n2023타경108358,"서울특별시 서초구 반포대로 275, 124동 26층2601호 (반포동,래미안퍼스티지)\n[집합건물 철근콘크리트구조 222.15㎡]"
658d354f0b3dec65eea416ef,서울중앙지방법원,서울중앙지방법원\n2023타경108440,"서울특별시 동작구 사당로17길 111, 1동 9층906호 (사당동,현대아파트)\n[집합건물 철근콘크리트조 120.03㎡]"
658d354f0b3dec65eea416f1,서울중앙지방법원,서울중앙지방법원\n2023타경108495,"서울특별시 동작구 양녕로22다길 27, 4층402호\n[집합건물 철근콘크리트조 44.92㎡]"
658d354f0b3dec65eea416f3,서울중앙지방법원,서울중앙지방법원\n2023타경108570,"서울특별시 종로구 평창문화로 142, 1층103호 (평창동,엘리시아)\n[집합건물 철근콘크리트구조 213.07㎡]"
658d354f0b3dec65eea416f5,서울중앙지방법원,서울중앙지방법원\n2023타경108655,"서울특별시 동작구 국사봉10길 62-4, 2층203호\n[집합건물 철근콘크리트구조 29.85㎡]"
658d354f0b3dec65eea416f7,서울중앙지방법원,서울중앙지방법원\n2023타경108938\n2023타경108709\n(중복),"서울특별시 서초구 남부순환로 2183, 102동 15층1503호 (방배동,방배래미안타워)\n[집합건물 철근콘크리트구조 134.96㎡]"
658d354f0b3dec65eea416f9,서울중앙지방법원,서울중앙지방법원\n2023타경109085,"서울특별시 서초구 서초대로 13, 1동 11층1103호 (방배동,방배마에스트로)\n[집합건물 철골철근콘크리트구조 공동주택(아파트) 35.3700㎡]"
658d354f0b3dec65eea416fb,서울중앙지방법원,서울중앙지방법원\n2023타경109092,"서울특별시 강남구 영동대로142길 25, 15층1501호 (청담동,청담아이파크)\n[집합건물 철근 콘크리트조 110.14㎡]"
658d354f0b3dec65eea416fd,서울중앙지방법원,서울중앙지방법원\n2023타경109139,"서울특별시 관악구 조원로23길 5, 지하층비02호\n[집합건물 알.씨조 59.28㎡]"
658d354f0b3dec65eea416ff,서울중앙지방법원,서울중앙지방법원\n2023타경109245,"서울특별시 강남구 선릉로69길 19, 112동 11층1102호 (역삼동,역삼래미안)\n[집합건물 철근콘크리트조 59.53㎡]"
658d354f0b3dec65eea41701,서울중앙지방법원,서울중앙지방법원\n2023타경109344,"서울특별시 동작구 남부순환로265길 13, 6층601호 (사당동,기쁨채)\n[집합건물 철근콘크리트구조 57.43㎡]"
658d354f0b3dec65eea41703,서울중앙지방법원,서울중앙지방법원\n2023타경109351,서울특별시 동작구 사당동 419-152 씨에스하우스 3층305호\n[집합건물 철근콘크리트구조 17.09㎡]
658d354f0b3dec65eea41705,서울중앙지방법원,서울중앙지방법원\n2023타경109368,"서울특별시 관악구 국회단지길 64, 3층302호 (봉천동,나무그늘빌)\n[집합건물 철근콘크리트구조 29.97㎡]"
658d354f0b3dec65eea41707,서울중앙지방법원,서울중앙지방법원\n2023타경109597,"서울특별시 관악구 은천로35라길 25, 2층203호 (봉천동,프라임21)\n[집합건물 철근콘크리트구조 32.46㎡]"
658d354f0b3dec65eea41709,서울중앙지방법원,서울중앙지방법원\n2023타경109627,"서울특별시 서초구 반포대로23길 64-7, 비동 1층102호 (서초동,삼성홈스테이)\n[집합건물 철근콘크리트구조 29.96㎡]"
658d354f0b3dec65eea4170b,서울중앙지방법원,서울중앙지방법원\n2023타경109696,서울특별시 동작구 사당동 419-152 씨에스하우스 4층405호\n[집합건물 철근콘크리트구조 17.09㎡]
658d354f0b3dec65eea4170d,서울중앙지방법원,서울중앙지방법원\n2023타경109931,"서울특별시 관악구 낙성대역10길 21, 1층102호 (봉천동,대호리치빌)\n[집합건물 철근콘크리트조 68.74㎡]"
658d354f0b3dec65eea4170f,서울중앙지방법원,서울중앙지방법원\n2023타경109979,"서울특별시 종로구 종로31길 43, 10층1001호 (인의동,루비온오피스텔)\n[집합건물 철근콘크리트구조 18.2㎡]"
658d354f0b3dec65eea41711,서울중앙지방법원,서울중앙지방법원\n2023타경110016,"서울특별시 서초구 반포대로5길 65, 101동 4층403호 (서초동,아이파크빌)\n[집합건물 철근콘크리트 벽식조 179.28㎡]"
658d354f0b3dec65eea41713,서울중앙지방법원,서울중앙지방법원\n2023타경110030,"서울특별시 관악구 남부순환로156길 40, 2층202호\n[집합건물 철근콘크리트조 54.65㎡]"
658d35500b3dec65eea41715,서울중앙지방법원,서울중앙지방법원\n2023타경110160,"서울특별시 서초구 고무래로10길 39, 3층306호 (반포동,엠브이아파트)\n[집합건물 철근콘크리트 벽식구조 83.40㎡]"
658d35500b3dec65eea41717,서울중앙지방법원,서울중앙지방법원\n2023타경110214\n2023타경4982\n(중복),"서울특별시 관악구 조원로13길 23, 101동 8층804호 (신림동,동훈씨디아이아파트)\n[집합건물 철근콘크리트구조 84.31㎡]"
658d35500b3dec65eea41719,서울중앙지방법원,서울중앙지방법원\n2023타경110238,"서울특별시 관악구 남현1가길 22, 지1층비6호 (남현동,관악산센텀아파트)\n[집합건물 철근콘크리트구조 26.67㎡]"
658d35500b3dec65eea4171b,서울중앙지방법원,서울중앙지방법원\n2023타경110306,사용본거지 : 서울특별시 서초구 원터3길 원지동 401-5\n[BMW 520d 2016년식 승용차]
658d35500b3dec65eea4171d,서울중앙지방법원,서울중앙지방법원\n2023타경110351,"서울특별시 종로구 평창23길 5, 1층101호\n[집합건물 철근콘트리트조 187.25㎡]"
658d35500b3dec65eea4171f,서울중앙지방법원,서울중앙지방법원\n2023타경110573\n2023타경111712\n(중복),사용본거지 : 서울특별시 서초구 원터1길 8\n[GV80 2020년식 승용차]
658d35500b3dec65eea41721,서울중앙지방법원,서울중앙지방법원\n2023타경111286,사용본거지 : 서울특별시 서초구 양재대로12길 36\n[마이티하이내장탑차 2017년식 화물차]
658d35500b3dec65eea41723,서울중앙지방법원,서울중앙지방법원\n2023타경112579,사용본거지 : 서울특별시 서초구 신흥말길 1-593\n[셀토스 2020년식 승용차]
658d35500b3dec65eea41725,서울중앙지방법원,서울중앙지방법원\n2023타경112951,"사용본거지 : 서울 동작구 장승배기로22길 50 장승배기로22길 402호 (노량진동, 그린아트)\n[트레일블레이저 1.35 TURBO FWD 2022년식 승용차]"
658d35500b3dec65eea41727,서울중앙지방법원,서울중앙지방법원\n2023타경113107,사용본거지 : 서울특별시 서초구 원터3길 401-5\n[쏘렌토 2015년식 승용차]
658d35500b3dec65eea41729,서울중앙지방법원,서울중앙지방법원\n2023타경113725\n2023타경114995\n(중복),사용본거지 : 서울특별시 서초구 원터3길 6\n[718 박스터 GTS 2018년식 승용차]
658d35500b3dec65eea4172b,서울중앙지방법원,서울중앙지방법원\n2023타경113978,"서울특별시 관악구 법원단지12길 24, 107동 3층301호 (신림동,찬솔팰리스)\n[집합건물 철근콘크리트구조 48.7㎡]"
658d35500b3dec65eea4172d,서울동부지방법원,서울동부지방법원\n2021타경1593,"서울특별시 광진구 광나루로56길 85, 4층시009호 (구의동,테크노-마트21)\n[집합건물 철골철근콘크리트조 13.12㎡]"
658d35500b3dec65eea4172f,서울동부지방법원,서울동부지방법원\n2021타경1593,"서울특별시 광진구 광나루로56길 85, 4층시016호 (구의동,테크노-마트21)\n[집합건물 철골철근콘크리트조 13.12㎡]"
658d35500b3dec65eea41731,서울동부지방법원,서울동부지방법원\n2021타경2527\n2022타경1385\n(중복)\n2021타경51864\n2021타경53242\n(병합),"서울특별시 강동구 양재대로124길 49-5, 2층205호 (길동,길동애드하우징)\n[집합건물 철근콘크리트구조 28.37㎡]"
658d35500b3dec65eea41733,서울동부지방법원,서울동부지방법원\n2021타경2527\n2022타경1385\n(중복)\n2021타경51864\n2021타경53242\n(병합),"서울특별시 강동구 양재대로124길 49-5, 6층602호 (길동,길동애드하우징)\n[집합건물 철근콘크리트구조 22.35㎡]"
658d35500b3dec65eea41735,서울동부지방법원,서울동부지방법원\n2021타경55637,"서울특별시 광진구 용마산로3길 79, 2층201호 (중곡동,아성뜨란채)\n[집합건물 철근콘크리트구조 31.03㎡]"
658d35500b3dec65eea41737,서울동부지방법원,서울동부지방법원\n2021타경56159,"서울특별시 송파구 가락로36길 13, 2층204호\n[집합건물 철근콘크리트구조 33.355㎡]"
658d35510b3dec65eea41739,서울동부지방법원,서울동부지방법원\n2022타경702,"서울특별시 광진구 천호대로137길 18, 지하층비101호 (구의동,세원그린빌)\n[집합건물 철근콘크리트구조 41.68 ㎡]"
658d35510b3dec65eea4173b,서울동부지방법원,서울동부지방법원\n2022타경2241,"서울특별시 강동구 아리수로50길 50, 203동 14층1401호 (고덕동,래미안힐스테이트고덕)\n[집합건물 철근콘크리트구조 84.90㎡ 공유자지분 중 2분의 1 여성록 지분]"
658d35510b3dec65eea4173d,서울동부지방법원,서울동부지방법원\n2022타경2401,"서울특별시 강동구 천호대로 1120, 7층701호 (성내동,엘아이지건영리가주상복합)\n[집합건물 철근콘크리트구조 125.35㎡]"
658d35510b3dec65eea4173f,서울동부지방법원,서울동부지방법원\n2022타경2647,"서울특별시 송파구 충민로 181, 4층412호 (장지동,로체프라자)\n[집합건물 철근콘크리트구조 41.714㎡]"
658d35510b3dec65eea41741,서울동부지방법원,서울동부지방법원\n2022타경2753,"서울특별시 송파구 송이로17길 34, 에이동 1층101호 (가락동,현대연립)\n[집합건물 벽돌조 157.21㎡]"
658d35510b3dec65eea41743,서울동부지방법원,서울동부지방법원\n2022타경2869,"서울특별시 강동구 성안로7길 23, 2층201호\n[집합건물 철근콘크리트조 55.61㎡]"
658d35510b3dec65eea41745,서울동부지방법원,서울동부지방법원\n2022타경51045,"서울특별시 광진구 용마산로8다길 20-2, 2층202호 (중곡동,헤라힐스)\n[집합건물 철근콘크리트구조 26.32㎡]"
658d35510b3dec65eea41747,서울동부지방법원,서울동부지방법원\n2022타경53089,"서울특별시 송파구 송이로 88, 3동 1층101호 (가락동,가락대림아파트)\n[집합건물 철근콘크리트조 84.11㎡]"
658d35510b3dec65eea41749,서울동부지방법원,서울동부지방법원\n2022타경55887,"서울특별시 송파구 오금로57길 10, 104동 2층201호 (거여동,성우스타팰리스)\n[집합건물 철근콘크리트구조 59.4㎡]"
658d35510b3dec65eea4174b,서울동부지방법원,서울동부지방법원\n2022타경56088,"서울특별시 송파구 오금로57길 9-19, 3층301호 (거여동,드림리치빌 2호)\n[집합건물 철근콘크리트구조 37.62㎡]"
658d35510b3dec65eea4174d,서울동부지방법원,서울동부지방법원\n2022타경56170,"서울특별시 광진구 영화사로11길 34, 지1층비01호 (구의동,진연빌)\n[집합건물 철근콘크리트조 26.32㎡]"
658d35510b3dec65eea4174f,서울동부지방법원,서울동부지방법원\n2022타경56729,"서울특별시 강동구 천중로44길 13, 102동 5층502호 (길동,강남리치빌)\n[집합건물 철근콘크리트구조 29.24㎡]"
658d35510b3dec65eea41751,서울동부지방법원,서울동부지방법원\n2022타경56965,"서울특별시 강동구 성안로27길 63-14, 6층602호 (천호동,주성아파텔)\n[집합건물 철근콘크리트구조 28.995㎡]"
658d35510b3dec65eea41753,서울동부지방법원,서울동부지방법원\n2022타경56989\n2022타경57869\n(중복),"서울특별시 송파구 중대로 24, 228동 7층702호 (문정동,올림픽훼밀리타운아파트)\n[집합건물 철근콘크리트조 84.705㎡]"
658d35510b3dec65eea41755,서울동부지방법원,서울동부지방법원\n2022타경57388,"서울특별시 강동구 천중로27길 24-7, 비동 3층303호 (천호동,씨팰리스4차)\n[집합건물 철근콘크리트구조 38.66㎡]"
658d35510b3dec65eea41757,서울동부지방법원,서울동부지방법원\n2023타경50407,"서울특별시 성동구 무학봉길 76, 101동 3층304호 (하왕십리동,하왕십리신영지웰)\n[집합건물 철근콘크리트구조 84.981㎡]"
658d35510b3dec65eea41759,서울서부지방법원,서울서부지방법원\n2021타경1946,서울특별시 용산구 갈월동 7-190\n[토지 대 355.4㎡]\n서울특별시 용산구 갈월동 8-59\n[토지 대 2.3㎡]\n서울특별시 용산구 한강대로98길 9\n[건물 석조 및 연와조평옥개2계건주택 1층138.35㎡ 2층105.69㎡ 지하실168.60㎡]
658d35510b3dec65eea4175b,서울서부지방법원,서울서부지방법원\n2021타경55233,"서울특별시 서대문구 문화촌길 6-24, 104동 6층605호 (홍제동,문화촌현대아파트)\n[집합건물 철근콘크리트조벽식구조 59.94㎡]"
658d35510b3dec65eea4175d,서울서부지방법원,서울서부지방법원\n2021타경56489,"서울특별시 마포구 구룡길 19, 2층에이211호 (상암동,상암한화오벨리스크)\n[집합건물 철근콘크리트구조 19.93㎡]"
658d35510b3dec65eea4175f,서울서부지방법원,서울서부지방법원\n2022타경1479\n2022타경94\n2022타경1639\n(중복),서울특별시 서대문구 홍제동 266-214\n[토지 대 106㎡ 갑구 6번 32분의 8 오진수 지분 전부]\n서울특별시 서대문구 홍제동 266-214 1호\n[건물 1호 벽돌조 슬래브지붕 2층 주택 1층 29.11㎡ 2층 25.66㎡ 지층 5.04㎡]
658d35520b3dec65eea41761,서울서부지방법원,서울서부지방법원\n2022타경2489,"서울특별시 은평구 응암로34길 12-7, 5층502호 (응암동,호안빌)\n[집합건물 철근콘크리트구조 27.22㎡]"
658d35520b3dec65eea41763,서울서부지방법원,서울서부지방법원\n2022타경2496,"서울특별시 은평구 구산동 7-9\n[토지 대 147.8㎡ 갑구 39번 147.8분의 12.3165 최준호 지분 전부, 147.8분의 12.3165 최은혜 지분 전부]\n서울특별시 은평구 서오릉로11길 18-2\n[건물 벽돌조 평슬래브 2층 단독주택 1층 73.69㎡ 2층 73.69㎡ 3층 73.69㎡ 갑구 38번 221.07분의 18.4225 최준호 지분 전부, 221.07분의 18.4225 최은혜 지분 전부]"
658d35520b3dec65eea41765,서울서부지방법원,서울서부지방법원\n2022타경2700,"서울특별시 은평구 백련산로 121, 104동 2층201호 (응암동,세영스카이타운)\n[집합건물 철근콘크리트구조 29.72㎡]"
658d35520b3dec65eea41767,서울서부지방법원,서울서부지방법원\n2022타경3031,"서울특별시 은평구 통일로 780, 8동 4층403호 (불광동,미성아파트)\n[집합건물 철근콩크리트조 125.75㎡]"
658d35520b3dec65eea41769,서울서부지방법원,서울서부지방법원\n2022타경3048\n2023타경58304\n(중복),"서울특별시 은평구 진관1로 21-35, 9층914호 (진관동,어드벤스힐오피스텔)\n[집합건물 철근콘크리트구조 29.79㎡]"
658d35520b3dec65eea4176b,서울서부지방법원,서울서부지방법원\n2022타경50594,"서울특별시 은평구 갈현로15길 7-16, 1층102호\n[집합건물 철근콘크리트조 52.1㎡]"
658d35520b3dec65eea4176d,서울서부지방법원,서울서부지방법원\n2022타경51528,"서울특별시 은평구 갈현로23길 34-8, 5층502호 (갈현동,현우하이빌)\n[집합건물 철근콘크리트구조 39.15㎡]"
658d35520b3dec65eea4176f,서울서부지방법원,서울서부지방법원\n2022타경52941,"서울특별시 마포구 성미산로27길 38, 6층604호 (연남동,삼정도나빌)\n[집합건물 철근콘크리트구조 22.97㎡]"
658d35520b3dec65eea41771,서울서부지방법원,서울서부지방법원\n2022타경53944,"서울특별시 은평구 진흥로 114, 6층602호 (녹번동,에스클래스)\n[집합건물 철근콘크리트구조 26.48㎡]"
658d35520b3dec65eea41773,서울서부지방법원,서울서부지방법원\n2022타경54053,"서울특별시 마포구 성미산로27길 38, 2층201호 (연남동,삼정도나빌)\n[집합건물 철근콘크리트구조 41.11㎡]"
658d35520b3dec65eea41775,서울서부지방법원,서울서부지방법원\n2022타경54213\n2023타경55381\n(중복)\n2023타경1926\n(병합),"서울특별시 은평구 북한산로 271-7\n[건물 철근콘크리트구조 철근콘크리트 경사슬래브지붕 2층 제2종 근린생활시설 및 단독주택 1층 137.1㎡ 2층 94.29㎡ (용도:1층-제2종근린생활시설,2층-주택)]\n서울특별시 은평구 진관동 296-10\n[토지 대 330㎡]"
658d35520b3dec65eea41777,서울서부지방법원,서울서부지방법원\n2022타경54213\n2023타경55381\n(중복)\n2023타경1926\n(병합),서울특별시 은평구 진관동 296-11\n[토지 잡종지 418㎡]\n서울특별시 은평구 진관동 296-17\n[토지 잡종지 35㎡]\n서울특별시 은평구 진관동 295-9\n[토지 도로 1423㎡ 갑구 35번 9333분의 958 이정준지분 전부]
658d35520b3dec65eea41779,서울서부지방법원,서울서부지방법원\n2022타경54596,"서울특별시 은평구 가좌로 191, 2층202호 (응암동,진성위메이드)\n[집합건물 철근콘크리트구조 42.64㎡]"
658d35520b3dec65eea4177b,서울서부지방법원,서울서부지방법원\n2022타경54701,"서울특별시 은평구 연서로 133-1, 5층502호 (구산동,플러스빌)\n[집합건물 철근콘크리트구조 59.96㎡]"
658d35520b3dec65eea4177d,서울서부지방법원,서울서부지방법원\n2022타경55186,"서울특별시 서대문구 연희로 233, 105동 1층 101호 (연희동,연희미다스파크)\n[집합건물 철근콘크리트조 321.67㎡]"
658d35520b3dec65eea4177f,서울서부지방법원,서울서부지방법원\n2022타경55810,"서울특별시 마포구 성산로6길 37, 5층502호 (성산동,어반하우스)\n[집합건물 철근콘크리트구조 29.89㎡]"
658d35520b3dec65eea41781,서울서부지방법원,서울서부지방법원\n2022타경55926\n2023타경190\n(병합),서울특별시 마포구 당인동 28-18\n[토지 대 119㎡ 갑구 3번 2분의 1 김성희지분 전부]\n서울특별시 마포구 와우산로3길 41\n[건물 벽돌조 세멘기와지붕 단층주택 46.68㎡ 지하실 10.58㎡ 갑구 5번 2분의 1 김성희지분 전부]
658d35520b3dec65eea41783,서울서부지방법원,서울서부지방법원\n2022타경56141,"서울특별시 은평구 갈현로15길 7-6, 4층402호\n[집합건물 철근콘크리트조 33.31㎡ 경량철골구조 44.35㎡]"
658d35520b3dec65eea41785,서울서부지방법원,서울서부지방법원\n2022타경56196,"서울특별시 은평구 서오릉로18길 33-25, 102동 2층202호 (갈현동,행복마을)\n[집합건물 철근콘크리트구조 54.44㎡]"
658d35520b3dec65eea41787,서울서부지방법원,서울서부지방법원\n2022타경56363,"서울특별시 은평구 가좌로7길 9-12, 2층201호 (응암동,태경쉐르빌)\n[집합건물 철근콘크리트구조 29.52㎡]"
658d35520b3dec65eea41789,서울서부지방법원,서울서부지방법원\n2022타경56721,"서울특별시 은평구 응암로21가길 1-7, 2층201호 (응암동,씨에스아르체)\n[집합건물 철근콘크리드구조 46.43㎡]"
658d35520b3dec65eea4178b,서울서부지방법원,서울서부지방법원\n2022타경57052,"서울특별시 용산구 회나무로13가길 16, 6층702호 (이태원동,어반메시 남산)\n[집합건물 철근콘크리트구조 아파트 81.735㎡]"
658d35520b3dec65eea4178d,서울서부지방법원,서울서부지방법원\n2022타경57144,"서울특별시 마포구 숭문길 106, 103동 12층1206호 (염리동,상록아파트)\n[집합건물 철근콘크리트조 58.71㎡]"
658d35520b3dec65eea4178f,서울서부지방법원,서울서부지방법원\n2022타경57250,"서울특별시 은평구 은평로21길 34-5, 8층801호 (녹번동,시니어캐슬 클라시온)\n[집합건물 철근콘크리트조 67.470㎡]"
658d35520b3dec65eea41791,서울서부지방법원,서울서부지방법원\n2022타경57298,"서울특별시 은평구 연서로37가길 10-4, 비동 4층401호 (불광동,골드리움)\n[집합건물 철근콘크리트구조 18.39㎡]"
658d35520b3dec65eea41793,서울서부지방법원,서울서부지방법원\n2022타경57335,"서울특별시 은평구 연서로19길 26-12, 5층501호 (갈현동,브라운스톤빌)\n[집합건물 철근콘크리트구조 30.81㎡]"
658d35520b3dec65eea41795,서울서부지방법원,서울서부지방법원\n2022타경57359,"서울특별시 은평구 갈현로 295-6, 5층501호 (갈현동,천지월드빌)\n[집합건물 철근콘크리트구조 64.53㎡]"
658d35520b3dec65eea41797,서울서부지방법원,서울서부지방법원\n2022타경57564,"서울특별시 은평구 백련산로 9-25, 에이동 6층602호 (응암동,아이안빌)\n[집합건물 철근콘크리트구조 53.49㎡]"
658d35520b3dec65eea41799,서울서부지방법원,서울서부지방법원\n2022타경57601,"서울특별시 서대문구 통일로 319, 106동 11층1101호 (홍제동,홍제삼성래미안아파트)\n[집합건물 철근콘크리트 벽식구조 32.76㎡]"
658d35530b3dec65eea4179b,서울서부지방법원,서울서부지방법원\n2023타경138,"서울특별시 은평구 가좌로9길 12-14, 3층302호 (응암동,한울스페이스5)\n[집합건물 철근콘크리트구조 24.78㎡]"
658d35530b3dec65eea4179d,서울서부지방법원,서울서부지방법원\n2023타경343,"서울특별시 마포구 마포대로4가길 56, 101동 2층에이201호 (마포동,오성드림빌)\n[집합건물 철근콘크리트구조 75.36㎡]"
658d35530b3dec65eea4179f,서울서부지방법원,서울서부지방법원\n2023타경497,"서울특별시 서대문구 연희로41가길 45-43, 201호\n[집합건물 철근콘크리트구조 27.17㎡]"
658d35530b3dec65eea417a1,서울서부지방법원,서울서부지방법원\n2023타경688,"서울특별시 서대문구 이화여대1길 10, 3층3151호 (대현동,예스에이피엠)\n[집합건물 철골철근콘크리트구조 3.800㎡]"
658d35530b3dec65eea417a3,서울서부지방법원,서울서부지방법원\n2023타경701,"서울특별시 서대문구 이화여대1길 10, 2층2080호 (대현동,예스에이피엠)\n[집합건물 철골철근콘크리트구조 5.200㎡]"
658d35530b3dec65eea417a5,서울서부지방법원,서울서부지방법원\n2023타경732,"서울특별시 서대문구 이화여대1길 10, 3층3129호 (대현동,예스에이피엠)\n[집합건물 철골철근콘크리트구조 3.800㎡]\n서울특별시 서대문구 이화여대1길 10, 3층3130호 (대현동,예스에이피엠)\n[집합건물 철골철근콘크리트구조 3.800㎡]"
658d35530b3dec65eea417a7,서울서부지방법원,서울서부지방법원\n2023타경831,"서울특별시 서대문구 이화여대1길 10, 3층3170호 (대현동,예스에이피엠)\n[집합건물 철골철근콘크리트구조 3.800㎡]\n서울특별시 서대문구 이화여대1길 10, 3층3171호 (대현동,예스에이피엠)\n[집합건물 철골철근콘크리트구조 3.800㎡]"
658d35530b3dec65eea417a9,서울서부지방법원,서울서부지방법원\n2023타경862,"서울특별시 은평구 갈현로25길 29-1, 4층402호 (갈현동,수성렉스빌)\n[집합건물 철근콘크리트구조 55.55㎡]"
658d35530b3dec65eea417ab,서울서부지방법원,서울서부지방법원\n2023타경923\n2023타경3694\n(중복),"서울특별시 서대문구 북아현로1가길 20, 104동 3층 302호 (북아현동,이편한세상신촌)\n[집합건물 철근콘크리트구조 59.85㎡]"
658d35530b3dec65eea417ad,서울서부지방법원,서울서부지방법원\n2023타경947,서울특별시 용산구 용산동2가 29\n[토지 대 353㎡ 갑구 18번 2분의1 백승민지분 전부]
658d35530b3dec65eea417af,서울서부지방법원,서울서부지방법원\n2023타경1094,"서울특별시 서대문구 이화여대1길 10, 지1층비1109호 (대현동,예스에이피엠)\n[집합건물 철골철근콘크리트구조 3.800㎡]\n서울특별시 서대문구 이화여대1길 10, 지1층비1110호 (대현동,예스에이피엠)\n[집합건물 철골철근콘크리트구조 3.800㎡]"
658d35530b3dec65eea417b1,서울서부지방법원,서울서부지방법원\n2023타경1186,"서울특별시 마포구 동교로17길 46-16, 5층 501호\n[집합건물 철근콘크리트조 77.15㎡]"
658d35530b3dec65eea417b3,서울서부지방법원,서울서부지방법원\n2023타경1322,"서울특별시 은평구 증산로 291, 6층606호 (증산동,디오반)\n[집합건물 철근콘크리트구조 14.46㎡]"
658d35530b3dec65eea417b5,서울서부지방법원,서울서부지방법원\n2023타경1346,"서울특별시 은평구 통일로 1034, 판매시설동 1층120호 (진관동,은평스카이뷰자이)\n[집합건물 철근콘크리트구조 44.32㎡]"
658d35530b3dec65eea417b7,서울서부지방법원,서울서부지방법원\n2023타경1377,"서울특별시 은평구 통일로 1034, 판매시설동 1층127호 (진관동,은평스카이뷰자이)\n[집합건물 철근콘크리트구조 45.2㎡]"
658d35530b3dec65eea417b9,서울서부지방법원,서울서부지방법원\n2023타경1438\n2023타경1797\n(중복),"서울특별시 은평구 갈현로33길 24, 101동 4층405호 (갈현동,갈현동현대아파트)\n[집합건물 철근콘크리트벽식조 84.87㎡ 갑구 4번 5분의 1 양성자지분 전부]"
658d35530b3dec65eea417bb,서울서부지방법원,서울서부지방법원\n2023타경1469\n2023타경2233\n(중복),"서울특별시 은평구 백련산로2길 19, 106동 7층706호 (응암동,백련산힐스테이트1차)\n[집합건물 철근콘크리트구조 59.63㎡]"
658d35530b3dec65eea417bd,서울서부지방법원,서울서부지방법원\n2023타경1513,"서울특별시 마포구 동교로52길 4, 1층1호\n[집합건물 벽 돌 조 34.59㎡]"
658d35530b3dec65eea417bf,서울서부지방법원,서울서부지방법원\n2023타경1643,"서울특별시 은평구 갈현로33길 24, 102동 1층101호 (갈현동,갈현동현대아파트)\n[집합건물 철근콘크리트벽식조 59.25㎡]"
658d35530b3dec65eea417c1,서울서부지방법원,서울서부지방법원\n2023타경1674,"서울특별시 은평구 연서로17길 40-15, 2층204호 (갈현동,나비드빌)\n[집합건물 철근콘크리트구조 27.735㎡]"
658d35530b3dec65eea417c3,서울서부지방법원,서울서부지방법원\n2023타경1728,"서울특별시 서대문구 신촌로3가길 12, 9층902호 (창천동,엘케이타운)\n[집합건물 철근콘크리트구조 28.13㎡]"
658d35530b3dec65eea417c5,서울서부지방법원,서울서부지방법원\n2023타경1759,"서울특별시 마포구 월드컵로30나길 13-1, 3층301호 (성산동,용주하이츠맨션)\n[집합건물 철근콘크리트조 75.64㎡]"
658d35530b3dec65eea417c7,서울서부지방법원,서울서부지방법원\n2023타경1773,"서울특별시 은평구 응암로29길 11-17, 지하층2호 (응암동,현대아트빌라)\n[집합건물 철근콘크리트조 38.34㎡]"
658d35530b3dec65eea417c9,서울서부지방법원,서울서부지방법원\n2023타경1919,"서울특별시 은평구 증산로 237-1, 7층701호 (증산동,월드메르시안아파트)\n[집합건물 철근콘크리트조 80.33㎡]"
658d35530b3dec65eea417cb,서울서부지방법원,서울서부지방법원\n2023타경2073,"서울특별시 마포구 모래내로9길 3, 106동 1103호 (성산동,월드컵아이파크)\n[집합건물 철근콘크리트구조 94.320㎡]"
658d35530b3dec65eea417cd,서울서부지방법원,서울서부지방법원\n2023타경2097,"서울특별시 마포구 양화로3길 45, 3층 301호 (합정동,합정두레아파트)\n[집합건물 철근콘크리트조 83.89㎡]"
658d35530b3dec65eea417cf,서울서부지방법원,서울서부지방법원\n2023타경2134,"서울특별시 은평구 진관2로 77, 206동 6층 601호 (진관동,은평뉴타운우물골)\n[집합건물 철근콘크리트구조 6층 69.33㎡ 7층 32.50㎡]"
658d35530b3dec65eea417d1,서울서부지방법원,서울서부지방법원\n2023타경2431,"서울특별시 용산구 한강대로 366, 4층 비410호 (동자동, 트윈시티남산)\n[집합건물 철골철근콘크리트구조 29.61㎡]"
658d35530b3dec65eea417d3,서울서부지방법원,서울서부지방법원\n2023타경50263,서울특별시 은평구 진관동 396\n[토지 잡종지 19061㎡]
658d35530b3dec65eea417d5,서울서부지방법원,서울서부지방법원\n2023타경50331,"서울특별시 은평구 은평로2길 12-11, 1층102호\n[집합건물 철근콘크리트조 31.62㎡]"
658d35530b3dec65eea417d7,서울서부지방법원,서울서부지방법원\n2023타경50522,서울특별시 마포구 신공덕동 2-116\n[토지 대 73㎡ 갑구 2번 9분의 2 남철희지분 전부]\n서울특별시 마포구 임정로19길 14\n[건물 벽돌조 평슬래브지붕 2층 다가구 용 단독주택(3가구) 1층 42.35㎡ (1가구) 2층 42.35㎡ (1가구) 지층 41.69㎡ (1가구) 옥탑 5.39㎡ (계단실) 갑구 2번 9분의 2 남철희지분 전부]
658d35530b3dec65eea417d9,서울서부지방법원,서울서부지방법원\n2023타경50669,"서울특별시 용산구 두텁바위로 108-21, 2층\n[집합건물 벽돌조 44.55㎡]"
658d35530b3dec65eea417db,서울서부지방법원,서울서부지방법원\n2023타경50782,"서울특별시 은평구 갈현로15길 20, 5층503호 (구산동,디에이치팰리스)\n[집합건물 철근콘크리트구조 29.98㎡]"
658d35530b3dec65eea417dd,서울서부지방법원,서울서부지방법원\n2023타경50867,"서울특별시 마포구 연남로9길 11-11, 5층501호 (연남동,연남아크빌2)\n[집합건물 철근콘크리트구조 72.74㎡]"
658d35530b3dec65eea417df,서울서부지방법원,서울서부지방법원\n2023타경50904,"서울특별시 서대문구 홍제내길 168, 101동 5층501호 (홍제동,남양아파트)\n[집합건물 철근콘크리트조 114.99㎡]"
658d35540b3dec65eea417e1,서울서부지방법원,서울서부지방법원\n2023타경50997,서울특별시 은평구 역촌동 80-57\n[토지 대 138.5㎡]\n서울특별시 은평구 갈현로4길 5-28\n[건물 연와조 평슬라브지붕 4층 다가구주택(7가구) 1층 71.87㎡(2가구) 2층 74.27㎡(1가구) 3층 70.35㎡(1가구) 4층 40.86㎡(1가구) 지1층 71.87㎡(2가구)]
658d35540b3dec65eea417e3,서울서부지방법원,서울서부지방법원\n2023타경51051,"서울특별시 서대문구 연희로39길 41-16, 1층103호 (홍은동,힐튼타운)\n[집합건물 철근콘크리트구조 72.87㎡]"
658d35540b3dec65eea417e5,서울서부지방법원,서울서부지방법원\n2023타경51075,"서울특별시 마포구 와우산로26길 9-8, 3층301호 (창전동,어반하우스2)\n[집합건물 철근콘크리트구조 24.54㎡]"
658d35540b3dec65eea417e7,서울서부지방법원,서울서부지방법원\n2023타경51204,"서울특별시 은평구 진흥로 114, 4층404호 (녹번동,에스클래스)\n[집합건물 철근콘크리트구조 26.48㎡]"
658d35540b3dec65eea417e9,서울서부지방법원,서울서부지방법원\n2023타경51532,"서울특별시 은평구 갈현로9길 3, 비동 4층401호 (역촌동,서흥하이빌)\n[집합건물 철근콘크리트구조 44.49㎡]"
658d35540b3dec65eea417eb,서울서부지방법원,서울서부지방법원\n2023타경51679,"서울특별시 마포구 모래내로1길 17, 6층601호 (성산동,상암퍼스티지 더올림 오피스텔)\n[집합건물 철근콘크리트구조 17.30㎡]"
658d35540b3dec65eea417ed,서울서부지방법원,서울서부지방법원\n2023타경51754,서울특별시 마포구 성산동 617-1\n[토지 대 152㎡]\n서울특별시 마포구 성미산로13길 58\n[건물 벽돌조 평스라브지붕 2층 다가구주택(3가구) 1층 80.60㎡ 2층 83.39㎡]
658d35540b3dec65eea417ef,서울서부지방법원,서울서부지방법원\n2023타경51907,"서울특별시 서대문구 모래내로 151, 3층303호 (남가좌동,디엠씨엘가101동)\n[집합건물 철근콘크리트조 17.23㎡]"
658d35540b3dec65eea417f1,서울서부지방법원,서울서부지방법원\n2023타경52023,"서울특별시 서대문구 연희로39마길 10, 3층303호 (홍은동,대호아트빌)\n[집합건물 철근콘크리트구조 28.05㎡]"
658d35540b3dec65eea417f3,서울서부지방법원,서울서부지방법원\n2023타경52078\n2023타경53798\n(중복),"서울특별시 용산구 한강대로 95, 22층 에이동2204호 (한강로2가,래미안용산더센트럴)\n[집합건물 철근콘크리트구조 161.48㎡]"
658d35540b3dec65eea417f5,서울서부지방법원,서울서부지방법원\n2023타경52177,"서울특별시 마포구 망원로3길 24-7, 4층401호\n[집합건물 철근콘크리트구조 49.65㎡]"
658d35540b3dec65eea417f7,서울서부지방법원,서울서부지방법원\n2023타경52214,"서울특별시 은평구 가좌로 288-3, 4층402호 (신사동,세영카이저)\n[집합건물 철근콘크리트구조 29.5㎡]"
658d35540b3dec65eea417f9,서울서부지방법원,서울서부지방법원\n2023타경52283,"서울특별시 은평구 통일로71가길 16, 에이동 6층601호 (대조동,그린힐)\n[집합건물 철근콘크리트구조 43.08㎡]"
658d35540b3dec65eea417fb,서울서부지방법원,서울서부지방법원\n2023타경52320,"서울특별시 은평구 갈현로 76, 101동 5층502호 (역촌동,씨티뷰)\n[집합건물 철근콘크리트구조 29.98㎡]"
658d35540b3dec65eea417fd,서울서부지방법원,서울서부지방법원\n2023타경52450,"서울특별시 마포구 신촌로 224, 7층 701호 (아현동,우리가)\n[집합건물 철근콘크리트구조 25.08㎡]"
658d35540b3dec65eea417ff,서울서부지방법원,서울서부지방법원\n2023타경52528,"서울특별시 은평구 갈현로 22-1, 2층 201호\n[집합건물 철근콘크리트조 48.42㎡]"
658d35540b3dec65eea41801,서울서부지방법원,서울서부지방법원\n2023타경52559,"서울특별시 서대문구 홍은중앙로5길 74, 8층801호\n[집합건물 철근콘크리트조 84.92㎡ 갑구5번 임세원 4분의 1 지분 전부]"
658d35540b3dec65eea41803,서울서부지방법원,서울서부지방법원\n2023타경52689,서울특별시 서대문구 북아현동 93-2\n[토지 대 16㎡ 갑구 7번 2분의 1 주식회사 오행복지분 전부]
658d35540b3dec65eea41805,서울서부지방법원,서울서부지방법원\n2023타경52689,서울특별시 서대문구 북아현동 94\n[토지 대 60㎡ 갑구 7번 2분의 1 주식회사 오행복지분 전부]\n서울특별시 서대문구 북아현동 94\n[건물 벽돌조 기와지붕 2층 영업용 1층 33.06㎡ 2층 33.06㎡]
658d35540b3dec65eea41807,서울서부지방법원,서울서부지방법원\n2023타경52818,"서울특별시 마포구 월드컵로34길 20, 5층510호 (성산동,동우 자인채 스토리 상암)\n[집합건물 철근콘크리트구조 16.35㎡]"
658d35540b3dec65eea41809,서울서부지방법원,서울서부지방법원\n2023타경52887,"서울특별시 은평구 진흥로7가길 4-2, 4층402호 (역촌동,한경 내담채)\n[집합건물 철근콘크리트구조 28.14㎡]"
658d35540b3dec65eea4180b,서울서부지방법원,서울서부지방법원\n2023타경52900,서울특별시 용산구 효창동 5-178\n[토지 대 247.9㎡]\n서울특별시 용산구 백범로47나길 16\n[건물 벽돌조 평슬래브지붕 2층 다가구용 단독주택 1층 128.04㎡ 2층 127.4㎡ 지층 133.24㎡]
658d35540b3dec65eea4180d,서울서부지방법원,서울서부지방법원\n2023타경53040,"서울특별시 은평구 연서로9길 12-2, 5층 501호\n[집합건물 철근콘크리트구조 50.33㎡ 경량철골구조 22.85㎡]"
658d35540b3dec65eea4180f,서울서부지방법원,서울서부지방법원\n2023타경53187,"서울특별시 은평구 갈현로 333-6, 에이동 3층 304호 (갈현동,동진홈타운)\n[집합건물 철근콘크리트구조 27.910㎡]"
658d35540b3dec65eea41811,서울서부지방법원,서울서부지방법원\n2023타경53262,"서울특별시 서대문구 증가로24바길 23, 1층101호 (북가좌동,대성아파트)\n[집합건물 철근콘크리트조 82.84㎡]"
658d35540b3dec65eea41813,서울서부지방법원,서울서부지방법원\n2023타경53453,"서울특별시 용산구 청파로71가길 41-1, 1층\n[집합건물 벽돌조 65.72㎡]"
658d35540b3dec65eea41815,서울서부지방법원,서울서부지방법원\n2023타경53590,"서울특별시 마포구 성미산로11길 92, 비동 4층 403호 (성산동,바움샤인빌)\n[집합건물 철근콘크리트구조 29.97㎡]"
658d35540b3dec65eea41817,서울서부지방법원,서울서부지방법원\n2023타경53637\n2023타경53972\n(중복),서울특별시 용산구 두텁바위로13길 8-7\n[건물 목조기와지붕 단층주택 52.08㎡]\n서울특별시 용산구 후암동 192-12\n[토지 대 102.1㎡]
658d35540b3dec65eea41819,서울서부지방법원,서울서부지방법원\n2023타경53699,"서울특별시 마포구 삼개로 38, 3동 1층106호 (도화동,도화3지구우성아파트)\n[집합건물 철근콘크리트조 79.97㎡]"
658d35540b3dec65eea4181b,서울서부지방법원,서울서부지방법원\n2023타경53705,"서울특별시 은평구 연서로18가길 16-36, 5층501호 (대조동,대조온세빌)\n[집합건물 철근콘크리트구조 74.82㎡]"
658d35540b3dec65eea4181d,서울서부지방법원,서울서부지방법원\n2023타경53842,"서울특별시 마포구 성암로 15, 지1층비01호 (성산동,금창타워)\n[집합건물 철근콘크리트조 40.22㎡]"
658d35550b3dec65eea4181f,서울서부지방법원,서울서부지방법원\n2023타경54081,"서울특별시 서대문구 연희로39길 20, 지하층2호\n[집합건물 벽돌조 54.98㎡]"
658d35550b3dec65eea41821,서울서부지방법원,서울서부지방법원\n2023타경54104,"서울특별시 은평구 서오릉로17길 10-17, 5층502호 (구산동,한솔하이빌)\n[집합건물 철근콘크리트구조 61.14㎡]"
658d35550b3dec65eea41823,서울서부지방법원,서울서부지방법원\n2023타경54227,"서울특별시 서대문구 독립문로 10, 108동 3층303호 (영천동,독립문삼호아파트)\n[집합건물 철근콘크리트조 84.78㎡]"
658d35550b3dec65eea41825,서울서부지방법원,서울서부지방법원\n2023타경54272,"서울특별시 은평구 연서로16길 9-8, 201호\n[집합건물 철근콘크리트조 66.78㎡]"
658d35550b3dec65eea41827,서울서부지방법원,서울서부지방법원\n2023타경54401,"서울특별시 서대문구 신촌로 189, 지하2층비208호 (대현동,이화인비따레오피스텔)\n[집합건물 철근콘크리트조 27.19㎡]"
658d35550b3dec65eea41829,서울서부지방법원,서울서부지방법원\n2023타경54470,"서울특별시 마포구 월드컵북로 235, 11동 8층805호 (동교동,성산시영아파트)\n[집합건물 철근 콘크리트조 59.43㎡]"
658d35550b3dec65eea4182b,서울서부지방법원,서울서부지방법원\n2023타경54562,"서울특별시 서대문구 증가로24라길 1, 에이동 2층 202호 (북가좌동,로운힐)\n[집합건물 철근콘크리트구조 50.96㎡]"
658d35550b3dec65eea4182d,서울서부지방법원,서울서부지방법원\n2023타경54715,"서울특별시 은평구 서오릉로 64-9, 2층201호 (녹번동,양지스카이뷰)\n[집합건물 철근콘크리트구조 52.24㎡]"
658d35550b3dec65eea4182f,서울서부지방법원,서울서부지방법원\n2023타경54739,서울특별시 은평구 역촌동 2-79\n[토지 대 113.7㎡]\n서울특별시 은평구 서오릉로 109-20\n[건물 블럭조 시멘트 기와지붕 단층주택 61.66㎡ 블럭조 슬래브지붕 단층주택 3.24㎡ 블럭조 슬래브지붕 단층주택 1.21㎡]
658d35550b3dec65eea41831,서울서부지방법원,서울서부지방법원\n2023타경54838,"서울특별시 은평구 가좌로7길 9-22, 1층\n[집합건물 벽돌조 40.62㎡]\n서울특별시 은평구 응암동 730-25\n[토지 대 96.7㎡ 갑구 4번 96.7분의 32.585 박군수지분 전부]"
658d35550b3dec65eea41833,서울서부지방법원,서울서부지방법원\n2023타경54852,"서울특별시 은평구 갈현로39길 4-4, 3층301호 (갈현동,호림리슈빌4차)\n[집합건물 철근콘크리트구조 29.82㎡]"
658d35550b3dec65eea41835,서울서부지방법원,서울서부지방법원\n2023타경54906,"서울특별시 은평구 갈현로 159-3, 5층501호 (구산동,예림빌6차)\n[집합건물 철근콘크리트구조 29.57㎡]"
658d35550b3dec65eea41837,서울서부지방법원,서울서부지방법원\n2023타경54937,"서울특별시 은평구 갈현로15길 20-6, 3층304호 (구산동,동우아이파크)\n[집합건물 철근콘크리트구조 29.53㎡]"
658d35550b3dec65eea41839,서울서부지방법원,서울서부지방법원\n2023타경54975,"서울특별시 은평구 은평로10길 17-12, 4층404호 (응암동,거성리젠시)\n[집합건물 철근콘크리트구조 37.05㎡]"
658d35550b3dec65eea4183b,서울서부지방법원,서울서부지방법원\n2023타경55084\n2023타경2974\n(중복),서울특별시 마포구 동교동 113-78\n[토지 대 96㎡]\n서울특별시 마포구 연희로 21-8\n[건물 세멘벽돌조 세멘와즙 평가건 주택1동 건평 15평 8홉]
658d35550b3dec65eea4183d,서울서부지방법원,서울서부지방법원\n2023타경55169,"서울특별시 은평구 통일로 1034, 103동 30층3003호 (진관동,은평스카이뷰자이)\n[집합건물 철근콘크리트구조 84.3363㎡]"
658d35550b3dec65eea4183f,서울서부지방법원,서울서부지방법원\n2023타경55220,"서울특별시 마포구 상암산로1길 52, 504동 12층1202호 (상암동,상암월드컵파크5단지)\n[집합건물 철근콘크리트조 104.69㎡]"
658d35550b3dec65eea41841,서울서부지방법원,서울서부지방법원\n2023타경55299,"서울특별시 은평구 불광로 50-8, 2층201호 (불광동,유성아이비)\n[집합건물 철근콘크리트구조 59.78㎡]"
658d35550b3dec65eea41843,서울서부지방법원,서울서부지방법원\n2023타경55350,"서울특별시 마포구 성미산로15길 49, 지하층02호\n[집합건물 철근콘크리트조 및 벽돌조 35.10㎡]"
658d35550b3dec65eea41845,서울서부지방법원,서울서부지방법원\n2023타경55442\n2023타경3151\n(중복),서울특별시 마포구 동교로23길 112\n[건물 벽돌조 세멘기와지붕 2층 주택 1층 51.64㎡ 2층 92.96㎡]\n서울특별시 마포구 성산동 226-12\n[토지 대 188.8㎡]
658d35550b3dec65eea41847,서울서부지방법원,서울서부지방법원\n2023타경55466,"서울특별시 용산구 효창원로8길 16, 101동 6층602호 (원효로4가,한성한강수아파트)\n[집합건물 철근콘크리트조 140.88㎡]"
658d35550b3dec65eea41849,서울서부지방법원,서울서부지방법원\n2023타경55497,"서울특별시 마포구 마포대로 115-8, 101동 24층 2405호 (공덕동,공덕삼성아파트)\n[집합건물 철근콘크리트 벽식구조 114.88㎡]"
658d35550b3dec65eea4184b,서울서부지방법원,서울서부지방법원\n2023타경55671,"서울특별시 서대문구 홍은중앙로5길 74, 2층 202호\n[집합건물 철근콘크리트조 84.92㎡]"
658d35550b3dec65eea4184d,서울서부지방법원,서울서부지방법원\n2023타경56483,서울특별시 마포구 서교동 346-49 2층\n[집합건물 벽돌조 80.86㎡]
658d35550b3dec65eea4184f,서울서부지방법원,서울서부지방법원\n2023타경56629,"서울특별시 서대문구 증가로30길 23, 3층 302호\n[집합건물 철근콘크리트조 60.85㎡]"
658d35550b3dec65eea41851,서울서부지방법원,서울서부지방법원\n2023타경56742,"서울특별시 용산구 백범로90길 90, 18층 101동 1801호 (문배동,용산케이씨씨웰츠타워)\n[집합건물 철근콘크리트구조 84.03㎡]"
658d35560b3dec65eea41853,서울서부지방법원,서울서부지방법원\n2023타경56926,"서울특별시 마포구 백범로37길 22, 4층 401호\n[집합건물 철근콘크리트조 52.45㎡]"
